{"stats":{"minecraft:killed_by":{"minecraft:skeleton":1},"minecraft:dropped":{"minecraft:wheat":4,"minecraft:oak_sapling":1,"minecraft:chicken":1,"minecraft:feather":4,"minecraft:leather":1,"minecraft:wooden_pickaxe":1},"minecraft:used":{"minecraft:oak_log":2,"minecraft:cooked_mutton":1,"minecraft:stone_sword":16,"minecraft:bread":2,"minecraft:chicken":2,"minecraft:stone_pickaxe":76,"minecraft:oak_planks":9,"minecraft:iron_pickaxe":1,"minecraft:spruce_planks":6,"minecraft:wooden_pickaxe":6,"minecraft:stone_axe":19,"minecraft:dirt":1,"minecraft:cobblestone":40,"minecraft:beef":4,"minecraft:sweet_berries":10,"minecraft:crafting_table":8,"minecraft:furnace":2,"minecraft:porkchop":2},"minecraft:mined":{"minecraft:furnace":2,"minecraft:iron_ore":3,"minecraft:spruce_log":15,"minecraft:crafting_table":9,"minecraft:short_grass":2,"minecraft:grass_block":1,"minecraft:oak_log":12,"minecraft:stone":68,"minecraft:oak_leaves":2},"minecraft:custom":{"minecraft:time_since_rest":13160,"minecraft:interact_with_furnace":3,"minecraft:sprint_one_cm":83932,"minecraft:damage_taken":790,"minecraft:walk_one_cm":36743,"minecraft:mob_kills":12,"minecraft:drop":11,"minecraft:damage_dealt":1170,"minecraft:swim_one_cm":16121,"minecraft:interact_with_crafting_table":9,"minecraft:fly_one_cm":113401,"minecraft:open_chest":1,"minecraft:crouch_one_cm":3155,"minecraft:play_time":27337,"minecraft:deaths":1,"minecraft:sneak_time":1065,"minecraft:walk_under_water_one_cm":3215,"minecraft:jump":746,"minecraft:leave_game":1,"minecraft:time_since_death":13118,"minecraft:walk_on_water_one_cm":7721,"minecraft:total_world_time":27337,"minecraft:fall_one_cm":21626},"minecraft:picked_up":{"minecraft:raw_iron":3,"minecraft:crafting_table":9,"minecraft:wheat":2,"minecraft:feather":4,"minecraft:chicken":3,"minecraft:sweet_berries":21,"minecraft:leather":3,"minecraft:wooden_pickaxe":1,"minecraft:porkchop":2,"minecraft:oak_log":12,"minecraft:spruce_log":15,"minecraft:dirt":1,"minecraft:beef":12,"minecraft:oak_sapling":1,"minecraft:mutton":1,"minecraft:white_wool":1,"minecraft:cobblestone":68,"minecraft:furnace":2},"minecraft:crafted":{"minecraft:oak_planks":40,"minecraft:crafting_table":2,"minecraft:spruce_planks":60,"minecraft:stick":20,"minecraft:iron_ingot":3,"minecraft:wooden_pickaxe":2,"minecraft:iron_pickaxe":1,"minecraft:stone_pickaxe":2,"minecraft:stone_sword":1,"minecraft:furnace":2,"minecraft:dark_oak_planks":24,"minecraft:stone_axe":1,"minecraft:bread":2,"minecraft:cooked_mutton":1,"minecraft:air":0},"minecraft:killed":{"minecraft:sheep":1,"minecraft:zombie":1,"minecraft:chicken":3,"minecraft:cow":6}},"DataVersion":3953}