{"stats":{"minecraft:dropped":{"minecraft:feather":2,"minecraft:wooden_pickaxe":1},"minecraft:used":{"minecraft:oak_log":2,"minecraft:cooked_mutton":1,"minecraft:stone_sword":2,"minecraft:chicken":1,"minecraft:stone_pickaxe":25,"minecraft:iron_pickaxe":1,"minecraft:spruce_planks":6,"minecraft:wooden_pickaxe":3,"minecraft:stone_axe":19,"minecraft:crafting_table":5,"minecraft:furnace":2},"minecraft:mined":{"minecraft:furnace":2,"minecraft:iron_ore":3,"minecraft:spruce_log":15,"minecraft:crafting_table":5,"minecraft:short_grass":1,"minecraft:oak_log":7,"minecraft:stone":24,"minecraft:oak_leaves":1},"minecraft:custom":{"minecraft:time_since_rest":11631,"minecraft:interact_with_furnace":3,"minecraft:sprint_one_cm":30244,"minecraft:damage_taken":80,"minecraft:walk_one_cm":13582,"minecraft:mob_kills":2,"minecraft:drop":3,"minecraft:damage_dealt":130,"minecraft:swim_one_cm":10182,"minecraft:interact_with_crafting_table":6,"minecraft:fly_one_cm":31690,"minecraft:crouch_one_cm":106,"minecraft:play_time":11631,"minecraft:sneak_time":133,"minecraft:walk_under_water_one_cm":608,"minecraft:jump":213,"minecraft:time_since_death":11631,"minecraft:walk_on_water_one_cm":2657,"minecraft:total_world_time":11631,"minecraft:fall_one_cm":4993},"minecraft:picked_up":{"minecraft:raw_iron":3,"minecraft:crafting_table":5,"minecraft:feather":2,"minecraft:chicken":1,"minecraft:wooden_pickaxe":1,"minecraft:oak_log":7,"minecraft:spruce_log":15,"minecraft:mutton":1,"minecraft:white_wool":1,"minecraft:cobblestone":24,"minecraft:furnace":2},"minecraft:crafted":{"minecraft:oak_planks":20,"minecraft:crafting_table":1,"minecraft:spruce_planks":60,"minecraft:stick":12,"minecraft:iron_ingot":3,"minecraft:wooden_pickaxe":1,"minecraft:iron_pickaxe":1,"minecraft:stone_pickaxe":1,"minecraft:stone_sword":1,"minecraft:furnace":2,"minecraft:stone_axe":1,"minecraft:cooked_mutton":1,"minecraft:air":0},"minecraft:killed":{"minecraft:sheep":1,"minecraft:chicken":1}},"DataVersion":3953}