{"stats":{"minecraft:killed_by":{"minecraft:pillager":1},"minecraft:dropped":{"minecraft:wooden_pickaxe":1,"minecraft:bone":2},"minecraft:used":{"minecraft:cooked_mutton":2,"minecraft:stone_pickaxe":64,"minecraft:wooden_pickaxe":16,"minecraft:stone_axe":18,"minecraft:dirt":16,"minecraft:cobblestone":20,"minecraft:crafting_table":3,"minecraft:furnace":2,"minecraft:cooked_beef":2,"minecraft:spruce_log":1},"minecraft:mined":{"minecraft:furnace":2,"minecraft:spruce_log":1,"minecraft:birch_leaves":2,"minecraft:crafting_table":2,"minecraft:short_grass":6,"minecraft:oak_log":14,"minecraft:grass_block":5,"minecraft:coal_ore":36,"minecraft:dirt":14,"minecraft:tall_grass":1,"minecraft:cobblestone":1,"minecraft:spruce_leaves":195,"minecraft:stone":41,"minecraft:sugar_cane":3,"minecraft:oak_leaves":1},"minecraft:custom":{"minecraft:time_since_rest":3952,"minecraft:interact_with_furnace":7,"minecraft:sprint_one_cm":58293,"minecraft:damage_taken":405,"minecraft:walk_one_cm":100151,"minecraft:mob_kills":9,"minecraft:drop":2,"minecraft:damage_dealt":1140,"minecraft:swim_one_cm":18577,"minecraft:interact_with_crafting_table":5,"minecraft:fly_one_cm":107809,"minecraft:open_chest":1,"minecraft:crouch_one_cm":5072,"minecraft:play_time":28241,"minecraft:deaths":1,"minecraft:sneak_time":1869,"minecraft:walk_under_water_one_cm":489,"minecraft:jump":615,"minecraft:leave_game":1,"minecraft:time_since_death":3914,"minecraft:walk_on_water_one_cm":1218,"minecraft:total_world_time":28241,"minecraft:fall_one_cm":16786},"minecraft:picked_up":{"minecraft:stick":6,"minecraft:crafting_table":3,"minecraft:cooked_beef":2,"minecraft:leather":6,"minecraft:lead":2,"minecraft:oak_log":14,"minecraft:spruce_sapling":8,"minecraft:spruce_log":1,"minecraft:dirt":20,"minecraft:cooked_mutton":2,"minecraft:bone":2,"minecraft:stone_axe":1,"minecraft:stone_pickaxe":1,"minecraft:beef":4,"minecraft:oak_planks":41,"minecraft:mutton":7,"minecraft:sugar_cane":14,"minecraft:coal":86,"minecraft:white_wool":6,"minecraft:cobblestone":42,"minecraft:furnace":4},"minecraft:crafted":{"minecraft:cooked_beef":4,"minecraft:oak_planks":56,"minecraft:crafting_table":2,"minecraft:stick":8,"minecraft:wooden_pickaxe":1,"minecraft:stone_pickaxe":1,"minecraft:furnace":2,"minecraft:stone_axe":1,"minecraft:cooked_mutton":3,"minecraft:air":0},"minecraft:killed":{"minecraft:sheep":3,"minecraft:skeleton":1,"minecraft:pillager":1,"minecraft:spider":1,"minecraft:cow":3}},"DataVersion":3953}