{"stats":{"minecraft:dropped":{"minecraft:wooden_pickaxe":1,"minecraft:bone":2},"minecraft:used":{"minecraft:stone_pickaxe":64,"minecraft:wooden_pickaxe":16,"minecraft:stone_axe":16,"minecraft:dirt":16,"minecraft:cobblestone":17,"minecraft:crafting_table":3,"minecraft:furnace":2,"minecraft:cooked_beef":2,"minecraft:spruce_log":1},"minecraft:mined":{"minecraft:furnace":2,"minecraft:spruce_log":1,"minecraft:birch_leaves":2,"minecraft:crafting_table":2,"minecraft:short_grass":6,"minecraft:oak_log":14,"minecraft:grass_block":4,"minecraft:coal_ore":36,"minecraft:dirt":12,"minecraft:cobblestone":1,"minecraft:spruce_leaves":195,"minecraft:stone":41,"minecraft:sugar_cane":3,"minecraft:oak_leaves":1},"minecraft:custom":{"minecraft:time_since_rest":23574,"minecraft:interact_with_furnace":7,"minecraft:sprint_one_cm":41282,"minecraft:damage_taken":175,"minecraft:walk_one_cm":84160,"minecraft:mob_kills":8,"minecraft:drop":2,"minecraft:damage_dealt":900,"minecraft:swim_one_cm":18577,"minecraft:interact_with_crafting_table":5,"minecraft:fly_one_cm":54507,"minecraft:crouch_one_cm":4871,"minecraft:play_time":23574,"minecraft:sneak_time":1648,"minecraft:walk_under_water_one_cm":489,"minecraft:jump":408,"minecraft:time_since_death":23574,"minecraft:walk_on_water_one_cm":1218,"minecraft:total_world_time":23574,"minecraft:fall_one_cm":8905},"minecraft:picked_up":{"minecraft:stick":2,"minecraft:crafting_table":2,"minecraft:leather":3,"minecraft:oak_log":14,"minecraft:spruce_sapling":4,"minecraft:spruce_log":1,"minecraft:dirt":16,"minecraft:bone":2,"minecraft:beef":4,"minecraft:mutton":5,"minecraft:sugar_cane":7,"minecraft:coal":52,"minecraft:white_wool":3,"minecraft:cobblestone":42,"minecraft:furnace":2},"minecraft:crafted":{"minecraft:cooked_beef":4,"minecraft:oak_planks":56,"minecraft:crafting_table":2,"minecraft:stick":8,"minecraft:wooden_pickaxe":1,"minecraft:stone_pickaxe":1,"minecraft:furnace":2,"minecraft:stone_axe":1,"minecraft:cooked_mutton":3,"minecraft:air":0},"minecraft:killed":{"minecraft:sheep":3,"minecraft:skeleton":1,"minecraft:spider":1,"minecraft:cow":3}},"DataVersion":3953}