{"stats":{"minecraft:dropped":{"minecraft:wooden_pickaxe":1},"minecraft:used":{"minecraft:stone_axe":3,"minecraft:dirt":3,"minecraft:crafting_table":2,"minecraft:stone_pickaxe":21,"minecraft:wooden_pickaxe":16,"minecraft:spruce_log":1},"minecraft:mined":{"minecraft:coal_ore":18,"minecraft:grass_block":1,"minecraft:oak_log":14,"minecraft:dirt":2,"minecraft:spruce_leaves":14,"minecraft:spruce_log":1,"minecraft:stone":19,"minecraft:birch_leaves":2,"minecraft:crafting_table":1,"minecraft:oak_leaves":1},"minecraft:custom":{"minecraft:time_since_rest":11574,"minecraft:crouch_one_cm":2023,"minecraft:play_time":11574,"minecraft:sprint_one_cm":10297,"minecraft:damage_taken":20,"minecraft:walk_one_cm":17040,"minecraft:sneak_time":733,"minecraft:walk_under_water_one_cm":264,"minecraft:drop":1,"minecraft:jump":96,"minecraft:walk_on_water_one_cm":630,"minecraft:time_since_death":11574,"minecraft:total_world_time":11574,"minecraft:swim_one_cm":12317,"minecraft:interact_with_crafting_table":3,"minecraft:fall_one_cm":2071,"minecraft:fly_one_cm":10045},"minecraft:picked_up":{"minecraft:crafting_table":1,"minecraft:spruce_sapling":1,"minecraft:oak_log":14,"minecraft:spruce_log":1,"minecraft:coal":18,"minecraft:dirt":3,"minecraft:cobblestone":19},"minecraft:crafted":{"minecraft:oak_planks":56,"minecraft:stone_axe":1,"minecraft:crafting_table":2,"minecraft:stick":8,"minecraft:stone_pickaxe":1,"minecraft:wooden_pickaxe":1}},"DataVersion":3953}