{"stats":{"minecraft:dropped":{"minecraft:oak_button":1,"minecraft:wooden_pickaxe":1,"minecraft:bone":1},"minecraft:used":{"minecraft:cooked_mutton":7,"minecraft:stone_pickaxe":75,"minecraft:oak_button":1,"minecraft:wooden_pickaxe":12,"minecraft:stone_axe":49,"minecraft:dirt":13,"minecraft:cobblestone":20,"minecraft:crafting_table":5,"minecraft:furnace":3,"minecraft:blast_furnace":1,"minecraft:white_bed":2},"minecraft:mined":{"minecraft:white_bed":2,"minecraft:furnace":3,"minecraft:iron_ore":22,"minecraft:birch_log":5,"minecraft:crafting_table":4,"minecraft:short_grass":1,"minecraft:oak_log":10,"minecraft:grass_block":3,"minecraft:coal_ore":25,"minecraft:dirt":10,"minecraft:tall_grass":3,"minecraft:stone":37},"minecraft:custom":{"minecraft:time_since_rest":15039,"minecraft:interact_with_furnace":25,"minecraft:sprint_one_cm":45622,"minecraft:damage_taken":520,"minecraft:walk_one_cm":32423,"minecraft:mob_kills":15,"minecraft:drop":3,"minecraft:damage_dealt":1750,"minecraft:swim_one_cm":11891,"minecraft:interact_with_crafting_table":12,"minecraft:fly_one_cm":114670,"minecraft:crouch_one_cm":628,"minecraft:play_time":22457,"minecraft:sneak_time":420,"minecraft:walk_under_water_one_cm":2028,"minecraft:jump":519,"minecraft:interact_with_blast_furnace":2,"minecraft:time_since_death":22457,"minecraft:walk_on_water_one_cm":8943,"minecraft:sleep_in_bed":1,"minecraft:total_world_time":22457,"minecraft:fall_one_cm":16548},"minecraft:picked_up":{"minecraft:birch_log":5,"minecraft:raw_iron":35,"minecraft:crafting_table":4,"minecraft:oak_log":10,"minecraft:white_bed":2,"minecraft:dirt":13,"minecraft:bone":1,"minecraft:oak_button":1,"minecraft:mutton":16,"minecraft:coal":45,"minecraft:white_wool":11,"minecraft:cobblestone":37,"minecraft:furnace":3},"minecraft:crafted":{"minecraft:smooth_stone":3,"minecraft:oak_planks":40,"minecraft:shield":1,"minecraft:crafting_table":1,"minecraft:stick":8,"minecraft:iron_pickaxe":1,"minecraft:iron_ingot":9,"minecraft:wooden_pickaxe":1,"minecraft:stone_pickaxe":1,"minecraft:blast_furnace":1,"minecraft:oak_button":1,"minecraft:furnace":1,"minecraft:white_bed":1,"minecraft:stone":3,"minecraft:birch_planks":20,"minecraft:stone_axe":1,"minecraft:air":0,"minecraft:cooked_mutton":16},"minecraft:killed":{"minecraft:sheep":12,"minecraft:skeleton":1,"minecraft:zombie":1,"minecraft:zombie_villager":1}},"DataVersion":3953}