{"stats":{"minecraft:dropped":{"minecraft:oak_button":1,"minecraft:wooden_pickaxe":1,"minecraft:bone":1},"minecraft:custom":{"minecraft:time_since_rest":20533,"minecraft:interact_with_furnace":28,"minecraft:sprint_one_cm":69528,"minecraft:damage_taken":520,"minecraft:walk_one_cm":45650,"minecraft:mob_kills":15,"minecraft:drop":3,"minecraft:damage_dealt":1750,"minecraft:swim_one_cm":11891,"minecraft:interact_with_crafting_table":14,"minecraft:fly_one_cm":118211,"minecraft:play_time":27951,"minecraft:crouch_one_cm":628,"minecraft:sneak_time":420,"minecraft:walk_under_water_one_cm":2028,"minecraft:jump":600,"minecraft:interact_with_blast_furnace":2,"minecraft:leave_game":1,"minecraft:time_since_death":27951,"minecraft:walk_on_water_one_cm":8943,"minecraft:sleep_in_bed":1,"minecraft:total_world_time":27951,"minecraft:fall_one_cm":17233},"minecraft:crafted":{"minecraft:oak_planks":40,"minecraft:smooth_stone":3,"minecraft:shield":1,"minecraft:crafting_table":2,"minecraft:stick":8,"minecraft:wooden_pickaxe":1,"minecraft:iron_ingot":9,"minecraft:iron_pickaxe":1,"minecraft:stone_pickaxe":1,"minecraft:oak_button":1,"minecraft:furnace":2,"minecraft:blast_furnace":1,"minecraft:white_bed":1,"minecraft:stone":3,"minecraft:birch_planks":20,"minecraft:stone_axe":1,"minecraft:air":0,"minecraft:cooked_mutton":16},"minecraft:used":{"minecraft:cooked_mutton":8,"minecraft:stone_pickaxe":79,"minecraft:oak_button":1,"minecraft:iron_pickaxe":28,"minecraft:wooden_pickaxe":12,"minecraft:stone_axe":49,"minecraft:dirt":13,"minecraft:cobblestone":24,"minecraft:crafting_table":6,"minecraft:furnace":4,"minecraft:blast_furnace":1,"minecraft:white_bed":2},"minecraft:killed":{"minecraft:skeleton":1,"minecraft:sheep":12,"minecraft:zombie":1,"minecraft:zombie_villager":1},"minecraft:picked_up":{"minecraft:birch_log":5,"minecraft:crafting_table":4,"minecraft:raw_iron":51,"minecraft:oak_log":10,"minecraft:white_bed":2,"minecraft:dirt":13,"minecraft:bone":1,"minecraft:oak_button":1,"minecraft:mutton":16,"minecraft:coal":45,"minecraft:white_wool":11,"minecraft:cobblestone":53,"minecraft:furnace":3},"minecraft:mined":{"minecraft:white_bed":2,"minecraft:furnace":3,"minecraft:birch_log":5,"minecraft:iron_ore":38,"minecraft:crafting_table":4,"minecraft:short_grass":1,"minecraft:grass_block":3,"minecraft:oak_log":10,"minecraft:coal_ore":25,"minecraft:dirt":10,"minecraft:tall_grass":3,"minecraft:stone":53}},"DataVersion":3953}