{"stats":{"minecraft:dropped":{"minecraft:wooden_pickaxe":1,"minecraft:bone":1},"minecraft:used":{"minecraft:cooked_mutton":4,"minecraft:stone_pickaxe":36,"minecraft:wooden_pickaxe":12,"minecraft:stone_axe":19,"minecraft:dirt":9,"minecraft:crafting_table":2,"minecraft:furnace":1,"minecraft:white_bed":1},"minecraft:mined":{"minecraft:white_bed":1,"minecraft:furnace":1,"minecraft:birch_log":5,"minecraft:crafting_table":2,"minecraft:short_grass":1,"minecraft:grass_block":3,"minecraft:coal_ore":25,"minecraft:dirt":10,"minecraft:tall_grass":3,"minecraft:stone":22},"minecraft:custom":{"minecraft:time_since_rest":3039,"minecraft:interact_with_furnace":9,"minecraft:sprint_one_cm":25688,"minecraft:damage_taken":265,"minecraft:walk_one_cm":16106,"minecraft:mob_kills":9,"minecraft:drop":2,"minecraft:damage_dealt":974,"minecraft:swim_one_cm":10181,"minecraft:interact_with_crafting_table":4,"minecraft:fly_one_cm":58054,"minecraft:crouch_one_cm":165,"minecraft:play_time":10457,"minecraft:sneak_time":31,"minecraft:walk_under_water_one_cm":792,"minecraft:jump":274,"minecraft:time_since_death":10457,"minecraft:walk_on_water_one_cm":1252,"minecraft:sleep_in_bed":1,"minecraft:total_world_time":10457,"minecraft:fall_one_cm":9922},"minecraft:picked_up":{"minecraft:birch_log":5,"minecraft:crafting_table":2,"minecraft:white_bed":1,"minecraft:dirt":13,"minecraft:bone":1,"minecraft:mutton":11,"minecraft:coal":25,"minecraft:white_wool":7,"minecraft:cobblestone":22,"minecraft:furnace":1},"minecraft:crafted":{"minecraft:crafting_table":1,"minecraft:stick":8,"minecraft:wooden_pickaxe":1,"minecraft:stone_pickaxe":1,"minecraft:furnace":1,"minecraft:white_bed":1,"minecraft:birch_planks":20,"minecraft:stone_axe":1,"minecraft:air":0,"minecraft:cooked_mutton":8},"minecraft:killed":{"minecraft:sheep":8,"minecraft:skeleton":1}},"DataVersion":3953}