{"stats":{"minecraft:dropped":{"minecraft:enchanted_book":1,"minecraft:stone_axe":1,"minecraft:golden_axe":1,"minecraft:rotten_flesh":5,"minecraft:rail":1,"minecraft:stick":6,"minecraft:dirt":3,"minecraft:oak_button":1,"minecraft:diorite":5,"minecraft:andesite":1,"minecraft:spider_eye":2,"minecraft:sand":2,"minecraft:arrow":6,"minecraft:wooden_pickaxe":1,"minecraft:stone_pickaxe":1,"minecraft:iron_pickaxe":1,"minecraft:string":16,"minecraft:bone":4},"minecraft:used":{"minecraft:cooked_mutton":16,"minecraft:diorite":5,"minecraft:stone_pickaxe":79,"minecraft:wooden_pickaxe":12,"minecraft:shield":13,"minecraft:torch":10,"minecraft:dirt":13,"minecraft:crafting_table":10,"minecraft:blast_furnace":4,"minecraft:white_bed":3,"minecraft:oak_button":1,"minecraft:bread":8,"minecraft:iron_axe":53,"minecraft:iron_pickaxe":241,"minecraft:stone_axe":61,"minecraft:cobblestone":46,"minecraft:furnace":4,"minecraft:andesite":7,"minecraft:oak_boat":1,"minecraft:cobbled_deepslate":11},"minecraft:mined":{"minecraft:white_bed":3,"minecraft:deepslate_diamond_ore":1,"minecraft:crafting_table":7,"minecraft:short_grass":2,"minecraft:blast_furnace":3,"minecraft:grass_block":4,"minecraft:tall_grass":3,"minecraft:diorite":10,"minecraft:furnace":4,"minecraft:birch_log":5,"minecraft:iron_ore":121,"minecraft:andesite":8,"minecraft:oak_log":19,"minecraft:coal_ore":69,"minecraft:deepslate_iron_ore":13,"minecraft:sand":1,"minecraft:dirt":12,"minecraft:stone":92,"minecraft:deepslate":11},"minecraft:custom":{"minecraft:interact_with_furnace":37,"minecraft:mob_kills":35,"minecraft:interact_with_crafting_table":23,"minecraft:leave_game":1,"minecraft:time_since_death":75269,"minecraft:sleep_in_bed":2,"minecraft:climb_one_cm":501,"minecraft:time_since_rest":5481,"minecraft:sprint_one_cm":229048,"minecraft:damage_taken":1135,"minecraft:walk_one_cm":115389,"minecraft:damage_blocked_by_shield":360,"minecraft:drop":34,"minecraft:damage_dealt":5002,"minecraft:swim_one_cm":34405,"minecraft:fly_one_cm":264386,"minecraft:open_chest":1,"minecraft:play_time":75269,"minecraft:crouch_one_cm":880,"minecraft:sneak_time":691,"minecraft:walk_under_water_one_cm":6765,"minecraft:boat_one_cm":31285,"minecraft:jump":1480,"minecraft:interact_with_blast_furnace":28,"minecraft:walk_on_water_one_cm":17944,"minecraft:total_world_time":75269,"minecraft:fall_one_cm":37026},"minecraft:picked_up":{"minecraft:birch_log":5,"minecraft:crafting_table":7,"minecraft:andesite":8,"minecraft:oak_log":18,"minecraft:dirt":16,"minecraft:string":16,"minecraft:bone":4,"minecraft:cobbled_deepslate":11,"minecraft:oak_boat":1,"minecraft:oak_planks":1,"minecraft:furnace":4,"minecraft:raw_iron":166,"minecraft:porkchop":2,"minecraft:sand":2,"minecraft:blast_furnace":3,"minecraft:diorite":10,"minecraft:white_bed":3,"minecraft:spider_eye":2,"minecraft:arrow":6,"minecraft:rotten_flesh":5,"minecraft:diamond":1,"minecraft:oak_button":1,"minecraft:mutton":16,"minecraft:coal":108,"minecraft:white_wool":11,"minecraft:rail":1,"minecraft:cobblestone":92},"minecraft:crafted":{"minecraft:golden_axe":1,"minecraft:oak_planks":56,"minecraft:smooth_stone":6,"minecraft:crafting_table":3,"minecraft:iron_helmet":1,"minecraft:wooden_pickaxe":1,"minecraft:furnace":3,"minecraft:blast_furnace":2,"minecraft:stone":6,"minecraft:birch_planks":20,"minecraft:stone_axe":1,"minecraft:cooked_mutton":16,"minecraft:air":0,"minecraft:oak_boat":1,"minecraft:iron_boots":1,"minecraft:iron_chestplate":1,"minecraft:shield":1,"minecraft:iron_axe":1,"minecraft:iron_hoe":1,"minecraft:stick":36,"minecraft:iron_ingot":121,"minecraft:iron_pickaxe":1,"minecraft:stone_pickaxe":1,"minecraft:iron_leggings":1,"minecraft:oak_button":1,"minecraft:white_bed":1,"minecraft:smoker":1},"minecraft:killed":{"minecraft:cave_spider":7,"minecraft:pig":2,"minecraft:zombie_villager":1,"minecraft:sheep":12,"minecraft:skeleton":7,"minecraft:zombie":6}},"DataVersion":3953}