{"stats":{"minecraft:dropped":{"minecraft:oak_button":1,"minecraft:wooden_pickaxe":1,"minecraft:bone":1},"minecraft:custom":{"minecraft:time_since_rest":32533,"minecraft:interact_with_furnace":37,"minecraft:sprint_one_cm":105787,"minecraft:damage_taken":560,"minecraft:walk_one_cm":58931,"minecraft:mob_kills":16,"minecraft:drop":3,"minecraft:damage_dealt":1950,"minecraft:swim_one_cm":11891,"minecraft:interact_with_crafting_table":16,"minecraft:fly_one_cm":123561,"minecraft:play_time":39951,"minecraft:crouch_one_cm":628,"minecraft:sneak_time":457,"minecraft:walk_under_water_one_cm":2028,"minecraft:jump":671,"minecraft:interact_with_blast_furnace":6,"minecraft:leave_game":1,"minecraft:time_since_death":39951,"minecraft:walk_on_water_one_cm":8943,"minecraft:sleep_in_bed":1,"minecraft:total_world_time":39951,"minecraft:fall_one_cm":17502},"minecraft:crafted":{"minecraft:oak_planks":40,"minecraft:smooth_stone":6,"minecraft:iron_chestplate":1,"minecraft:shield":1,"minecraft:crafting_table":2,"minecraft:stick":8,"minecraft:wooden_pickaxe":1,"minecraft:iron_ingot":25,"minecraft:iron_pickaxe":1,"minecraft:stone_pickaxe":1,"minecraft:oak_button":1,"minecraft:furnace":2,"minecraft:blast_furnace":2,"minecraft:white_bed":1,"minecraft:stone":6,"minecraft:birch_planks":20,"minecraft:stone_axe":1,"minecraft:air":0,"minecraft:cooked_mutton":16},"minecraft:used":{"minecraft:cooked_mutton":11,"minecraft:diorite":2,"minecraft:stone_pickaxe":79,"minecraft:oak_button":1,"minecraft:iron_pickaxe":73,"minecraft:wooden_pickaxe":12,"minecraft:stone_axe":55,"minecraft:dirt":13,"minecraft:cobblestone":26,"minecraft:crafting_table":7,"minecraft:furnace":4,"minecraft:blast_furnace":2,"minecraft:white_bed":2},"minecraft:killed":{"minecraft:skeleton":1,"minecraft:sheep":12,"minecraft:zombie":2,"minecraft:zombie_villager":1},"minecraft:picked_up":{"minecraft:birch_log":5,"minecraft:crafting_table":6,"minecraft:raw_iron":64,"minecraft:oak_log":10,"minecraft:blast_furnace":1,"minecraft:diorite":3,"minecraft:white_bed":2,"minecraft:dirt":13,"minecraft:bone":1,"minecraft:rotten_flesh":1,"minecraft:oak_button":1,"minecraft:oak_planks":1,"minecraft:mutton":16,"minecraft:coal":68,"minecraft:white_wool":11,"minecraft:cobblestone":57,"minecraft:furnace":4},"minecraft:mined":{"minecraft:white_bed":2,"minecraft:furnace":4,"minecraft:birch_log":5,"minecraft:iron_ore":51,"minecraft:crafting_table":6,"minecraft:blast_furnace":1,"minecraft:short_grass":1,"minecraft:grass_block":3,"minecraft:oak_log":10,"minecraft:coal_ore":48,"minecraft:dirt":10,"minecraft:tall_grass":3,"minecraft:stone":57,"minecraft:diorite":3}},"DataVersion":3953}