{"stats":{"minecraft:dropped":{"minecraft:stone_axe":1,"minecraft:rotten_flesh":4,"minecraft:rail":1,"minecraft:oak_button":1,"minecraft:andesite":1,"minecraft:spider_eye":2,"minecraft:arrow":6,"minecraft:stone_pickaxe":1,"minecraft:wooden_pickaxe":1,"minecraft:string":6,"minecraft:bone":2},"minecraft:custom":{"minecraft:interact_with_furnace":37,"minecraft:mob_kills":32,"minecraft:interact_with_crafting_table":18,"minecraft:leave_game":1,"minecraft:time_since_death":57951,"minecraft:sleep_in_bed":1,"minecraft:time_since_rest":50533,"minecraft:sprint_one_cm":183496,"minecraft:damage_taken":991,"minecraft:walk_one_cm":104305,"minecraft:damage_blocked_by_shield":325,"minecraft:drop":23,"minecraft:damage_dealt":4593,"minecraft:swim_one_cm":14323,"minecraft:fly_one_cm":156701,"minecraft:crouch_one_cm":880,"minecraft:play_time":57951,"minecraft:sneak_time":691,"minecraft:walk_under_water_one_cm":5451,"minecraft:jump":966,"minecraft:interact_with_blast_furnace":11,"minecraft:walk_on_water_one_cm":14262,"minecraft:total_world_time":57951,"minecraft:fall_one_cm":23044},"minecraft:crafted":{"minecraft:smooth_stone":6,"minecraft:oak_planks":40,"minecraft:crafting_table":2,"minecraft:wooden_pickaxe":1,"minecraft:iron_helmet":1,"minecraft:furnace":2,"minecraft:blast_furnace":2,"minecraft:stone":6,"minecraft:birch_planks":20,"minecraft:stone_axe":1,"minecraft:cooked_mutton":16,"minecraft:air":0,"minecraft:iron_boots":1,"minecraft:iron_chestplate":1,"minecraft:shield":1,"minecraft:iron_axe":1,"minecraft:stick":16,"minecraft:iron_ingot":55,"minecraft:iron_pickaxe":1,"minecraft:stone_pickaxe":1,"minecraft:iron_leggings":1,"minecraft:white_bed":1,"minecraft:oak_button":1},"minecraft:used":{"minecraft:cooked_mutton":16,"minecraft:diorite":5,"minecraft:stone_pickaxe":79,"minecraft:wooden_pickaxe":12,"minecraft:shield":12,"minecraft:torch":10,"minecraft:dirt":13,"minecraft:crafting_table":8,"minecraft:blast_furnace":3,"minecraft:white_bed":2,"minecraft:bread":1,"minecraft:iron_axe":38,"minecraft:oak_button":1,"minecraft:iron_pickaxe":193,"minecraft:stone_axe":61,"minecraft:cobblestone":38,"minecraft:furnace":4,"minecraft:andesite":7,"minecraft:cobbled_deepslate":11},"minecraft:killed":{"minecraft:cave_spider":7,"minecraft:zombie_villager":1,"minecraft:sheep":12,"minecraft:skeleton":6,"minecraft:zombie":6},"minecraft:picked_up":{"minecraft:birch_log":5,"minecraft:crafting_table":7,"minecraft:andesite":8,"minecraft:oak_log":10,"minecraft:string":16,"minecraft:dirt":13,"minecraft:bone":4,"minecraft:cobbled_deepslate":11,"minecraft:oak_planks":1,"minecraft:furnace":4,"minecraft:raw_iron":166,"minecraft:blast_furnace":2,"minecraft:diorite":5,"minecraft:white_bed":2,"minecraft:spider_eye":2,"minecraft:arrow":6,"minecraft:rotten_flesh":5,"minecraft:diamond":1,"minecraft:oak_button":1,"minecraft:mutton":16,"minecraft:white_wool":11,"minecraft:coal":87,"minecraft:rail":1,"minecraft:cobblestone":71},"minecraft:mined":{"minecraft:white_bed":2,"minecraft:deepslate_diamond_ore":1,"minecraft:crafting_table":7,"minecraft:short_grass":1,"minecraft:blast_furnace":2,"minecraft:grass_block":3,"minecraft:tall_grass":3,"minecraft:diorite":5,"minecraft:furnace":4,"minecraft:birch_log":5,"minecraft:iron_ore":121,"minecraft:andesite":8,"minecraft:coal_ore":48,"minecraft:oak_log":10,"minecraft:deepslate_iron_ore":13,"minecraft:dirt":10,"minecraft:stone":71,"minecraft:deepslate":11}},"DataVersion":3953}