{"stats":{"minecraft:dropped":{"minecraft:enchanted_book":1,"minecraft:stone_axe":1,"minecraft:iron_nugget":16,"minecraft:golden_axe":1,"minecraft:rotten_flesh":6,"minecraft:rail":1,"minecraft:stick":6,"minecraft:filled_map":1,"minecraft:dirt":3,"minecraft:oak_button":1,"minecraft:diorite":5,"minecraft:iron_chestplate":1,"minecraft:andesite":1,"minecraft:iron_leggings":1,"minecraft:spider_eye":2,"minecraft:sand":2,"minecraft:arrow":10,"minecraft:wooden_pickaxe":1,"minecraft:stone_pickaxe":1,"minecraft:iron_pickaxe":1,"minecraft:string":16,"minecraft:bone":4},"minecraft:used":{"minecraft:cooked_mutton":16,"minecraft:diorite":5,"minecraft:iron_shovel":5,"minecraft:stone_pickaxe":79,"minecraft:wooden_pickaxe":12,"minecraft:shield":15,"minecraft:iron_sword":18,"minecraft:cooked_salmon":4,"minecraft:rotten_flesh":2,"minecraft:torch":24,"minecraft:golden_apple":2,"minecraft:dirt":13,"minecraft:sand":4,"minecraft:crafting_table":13,"minecraft:blast_furnace":4,"minecraft:white_bed":4,"minecraft:oak_button":1,"minecraft:bread":10,"minecraft:iron_axe":93,"minecraft:iron_pickaxe":292,"minecraft:stone_axe":61,"minecraft:cobblestone":71,"minecraft:furnace":4,"minecraft:andesite":7,"minecraft:oak_boat":4,"minecraft:cobbled_deepslate":22},"minecraft:mined":{"minecraft:white_bed":4,"minecraft:deepslate_diamond_ore":19,"minecraft:crafting_table":9,"minecraft:short_grass":2,"minecraft:blast_furnace":3,"minecraft:grass_block":4,"minecraft:cobblestone":10,"minecraft:tall_grass":3,"minecraft:diorite":10,"minecraft:furnace":4,"minecraft:cobbled_deepslate":2,"minecraft:birch_log":5,"minecraft:iron_ore":121,"minecraft:andesite":8,"minecraft:gold_block":2,"minecraft:oak_log":19,"minecraft:coal_ore":69,"minecraft:deepslate_iron_ore":13,"minecraft:sand":10,"minecraft:dirt":12,"minecraft:stone":97,"minecraft:oak_leaves":1,"minecraft:deepslate":25},"minecraft:custom":{"minecraft:interact_with_furnace":37,"minecraft:mob_kills":53,"minecraft:interact_with_crafting_table":27,"minecraft:leave_game":2,"minecraft:time_since_death":98540,"minecraft:sleep_in_bed":3,"minecraft:climb_one_cm":509,"minecraft:time_since_rest":13014,"minecraft:sprint_one_cm":284843,"minecraft:damage_absorbed":39,"minecraft:damage_taken":1717,"minecraft:walk_one_cm":138358,"minecraft:damage_blocked_by_shield":415,"minecraft:drop":42,"minecraft:damage_dealt":8353,"minecraft:swim_one_cm":50967,"minecraft:fly_one_cm":416424,"minecraft:open_chest":6,"minecraft:play_time":98540,"minecraft:crouch_one_cm":2479,"minecraft:sneak_time":1792,"minecraft:walk_under_water_one_cm":13282,"minecraft:boat_one_cm":190651,"minecraft:jump":2158,"minecraft:interact_with_blast_furnace":28,"minecraft:walk_on_water_one_cm":26637,"minecraft:total_world_time":98540,"minecraft:fall_one_cm":60355},"minecraft:picked_up":{"minecraft:birch_log":5,"minecraft:crafting_table":9,"minecraft:andesite":8,"minecraft:lead":2,"minecraft:potato":2,"minecraft:gold_block":2,"minecraft:oak_log":18,"minecraft:dirt":16,"minecraft:string":16,"minecraft:bone":6,"minecraft:cobbled_deepslate":24,"minecraft:oak_boat":3,"minecraft:iron_nugget":8,"minecraft:oak_planks":1,"minecraft:furnace":4,"minecraft:raw_iron":166,"minecraft:porkchop":2,"minecraft:sand":8,"minecraft:blast_furnace":3,"minecraft:diorite":10,"minecraft:white_bed":4,"minecraft:spider_eye":2,"minecraft:arrow":10,"minecraft:rotten_flesh":10,"minecraft:diamond":19,"minecraft:oak_button":1,"minecraft:mutton":16,"minecraft:coal":108,"minecraft:white_wool":11,"minecraft:rail":1,"minecraft:cobblestone":107},"minecraft:crafted":{"minecraft:golden_axe":1,"minecraft:oak_planks":56,"minecraft:smooth_stone":6,"minecraft:crafting_table":5,"minecraft:iron_helmet":1,"minecraft:wooden_pickaxe":1,"minecraft:iron_sword":1,"minecraft:furnace":3,"minecraft:blast_furnace":2,"minecraft:stone":6,"minecraft:birch_planks":20,"minecraft:stone_axe":1,"minecraft:cooked_mutton":16,"minecraft:air":0,"minecraft:oak_boat":1,"minecraft:diamond_leggings":1,"minecraft:diamond_pickaxe":1,"minecraft:iron_boots":1,"minecraft:iron_chestplate":1,"minecraft:shield":1,"minecraft:iron_axe":1,"minecraft:iron_hoe":1,"minecraft:stick":36,"minecraft:iron_ingot":121,"minecraft:iron_pickaxe":1,"minecraft:stone_pickaxe":1,"minecraft:iron_shovel":1,"minecraft:iron_leggings":1,"minecraft:oak_button":1,"minecraft:white_bed":1,"minecraft:diamond_chestplate":1,"minecraft:smoker":1},"minecraft:killed":{"minecraft:cave_spider":7,"minecraft:pig":2,"minecraft:zombie_villager":1,"minecraft:wandering_trader":1,"minecraft:sheep":12,"minecraft:skeleton":13,"minecraft:zombie":14,"minecraft:drowned":3}},"DataVersion":3953}